<?xml version="1.0" encoding="utf-8"?>
<!DOCTYPE score-partwise  PUBLIC "-//Recordare//DTD MusicXML 3.1 Partwise//EN" "http://www.musicxml.org/dtds/partwise.dtd">
<score-partwise version="3.1">
  <movement-title>Music21 Fragment</movement-title>
  <identification>
    <creator type="composer">Music21</creator>
    <encoding>
      <encoding-date>2025-07-12</encoding-date>
      <software>music21 v.8.3.0</software>
    </encoding>
  </identification>
  <defaults>
    <scaling>
      <millimeters>7</millimeters>
      <tenths>40</tenths>
    </scaling>
  </defaults>
  <part-list>
    <score-part id="P4be65043505c9c1e1a59bf84b61c274d">
      <part-name />
    </score-part>
    <score-part id="Pd4f8f3d6aedc67cac71dbca6da978d74">
      <part-name />
    </score-part>
  </part-list>
  <!--=========================== Part 1 ===========================-->
  <part id="P4be65043505c9c1e1a59bf84b61c274d">
    <!--========================= Measure 1 ==========================-->
    <measure number="1">
      <attributes>
        <divisions>10080</divisions>
        <key>
          <fifths>0</fifths>
        </key>
        <time>
          <beats>4</beats>
          <beat-type>4</beat-type>
        </time>
        <clef>
          <sign>G</sign>
          <line>2</line>
        </clef>
      </attributes>
      <direction>
        <direction-type>
          <metronome parentheses="no">
            <beat-unit>quarter</beat-unit>
            <per-minute>80</per-minute>
          </metronome>
        </direction-type>
        <sound tempo="80" />
      </direction>
      <note>
        <pitch>
          <step>C</step>
          <octave>5</octave>
        </pitch>
        <duration>10080</duration>
        <type>quarter</type>
      </note>
      <note>
        <pitch>
          <step>A</step>
          <octave>4</octave>
        </pitch>
        <duration>10080</duration>
        <type>quarter</type>
      </note>
      <note>
        <pitch>
          <step>A</step>
          <octave>4</octave>
        </pitch>
        <duration>10080</duration>
        <type>quarter</type>
      </note>
      <note>
        <pitch>
          <step>C</step>
          <octave>5</octave>
        </pitch>
        <duration>10080</duration>
        <type>quarter</type>
      </note>
    </measure>
    <!--========================= Measure 2 ==========================-->
    <measure number="2">
      <note>
        <pitch>
          <step>A</step>
          <octave>4</octave>
        </pitch>
        <duration>10080</duration>
        <type>quarter</type>
      </note>
      <note>
        <pitch>
          <step>B</step>
          <octave>4</octave>
        </pitch>
        <duration>5040</duration>
        <type>eighth</type>
        <stem>up</stem>
        <beam number="1">begin</beam>
      </note>
      <note>
        <pitch>
          <step>A</step>
          <octave>4</octave>
        </pitch>
        <duration>5040</duration>
        <type>eighth</type>
        <stem>up</stem>
        <beam number="1">end</beam>
      </note>
      <note>
        <pitch>
          <step>C</step>
          <octave>5</octave>
        </pitch>
        <duration>20160</duration>
        <type>half</type>
      </note>
    </measure>
    <!--========================= Measure 3 ==========================-->
    <measure number="3">
      <note>
        <pitch>
          <step>B</step>
          <octave>4</octave>
        </pitch>
        <duration>10080</duration>
        <type>quarter</type>
      </note>
      <barline location="right">
        <bar-style>light-heavy</bar-style>
      </barline>
    </measure>
  </part>
  <!--=========================== Part 2 ===========================-->
  <part id="Pd4f8f3d6aedc67cac71dbca6da978d74">
    <!--========================= Measure 1 ==========================-->
    <measure number="1">
      <attributes>
        <divisions>10080</divisions>
        <key>
          <fifths>0</fifths>
        </key>
        <time>
          <beats>4</beats>
          <beat-type>4</beat-type>
        </time>
        <clef>
          <sign>F</sign>
          <line>4</line>
        </clef>
      </attributes>
      <direction>
        <direction-type>
          <metronome parentheses="no">
            <beat-unit>quarter</beat-unit>
            <per-minute>80</per-minute>
          </metronome>
        </direction-type>
        <sound tempo="80" />
      </direction>
      <note>
        <pitch>
          <step>C</step>
          <octave>3</octave>
        </pitch>
        <duration>10080</duration>
        <type>quarter</type>
      </note>
      <note>
        <pitch>
          <step>C</step>
          <octave>3</octave>
        </pitch>
        <duration>10080</duration>
        <type>quarter</type>
      </note>
      <note>
        <pitch>
          <step>F</step>
          <octave>3</octave>
        </pitch>
        <duration>10080</duration>
        <type>quarter</type>
      </note>
      <note>
        <pitch>
          <step>C</step>
          <alter>1</alter>
          <octave>3</octave>
        </pitch>
        <duration>10080</duration>
        <type>quarter</type>
        <accidental>sharp</accidental>
      </note>
    </measure>
    <!--========================= Measure 2 ==========================-->
    <measure number="2">
      <note>
        <pitch>
          <step>F</step>
          <alter>1</alter>
          <octave>2</octave>
        </pitch>
        <duration>10080</duration>
        <type>quarter</type>
        <accidental>sharp</accidental>
      </note>
      <note>
        <pitch>
          <step>F</step>
          <alter>0</alter>
          <octave>2</octave>
        </pitch>
        <duration>10080</duration>
        <type>quarter</type>
        <accidental>natural</accidental>
      </note>
      <note>
        <pitch>
          <step>C</step>
          <alter>0</alter>
          <octave>3</octave>
        </pitch>
        <duration>20160</duration>
        <type>half</type>
        <accidental>natural</accidental>
      </note>
    </measure>
    <!--========================= Measure 3 ==========================-->
    <measure number="3">
      <note>
        <pitch>
          <step>G</step>
          <octave>2</octave>
        </pitch>
        <duration>10080</duration>
        <type>quarter</type>
      </note>
      <barline location="right">
        <bar-style>light-heavy</bar-style>
      </barline>
    </measure>
  </part>
</score-partwise>